{"cameraMode":{"drawMode":0,"name":"Shaded","section":"Shading Mode"},"sceneLighting":true,"audioPlay":false,"sceneViewState":{"m_AlwaysRefresh":false,"showFog":true,"showSkybox":true,"showFlares":true,"showImageEffects":true,"showParticleSystems":true,"showVisualEffectGraphs":true,"m_FxEnabled":true},"in2DMode":false,"pivot":{"x":0.13601607084274293,"y":-1.5568623542785645,"z":-13.234280586242676},"rotation":{"x":0.0016031377017498017,"y":-0.9917759299278259,"z":0.12745332717895509,"w":0.012503702193498612},"size":11.721861839294434,"orthographic":false}