{"cameraMode":{"drawMode":0,"name":"Shaded","section":"Shading Mode"},"sceneLighting":true,"audioPlay":false,"sceneViewState":{"m_AlwaysRefresh":false,"showFog":true,"showSkybox":true,"showFlares":true,"showImageEffects":true,"showParticleSystems":true,"showVisualEffectGraphs":true,"m_FxEnabled":true},"in2DMode":false,"pivot":{"x":-0.3363819122314453,"y":-0.12759137153625489,"z":-12.823942184448243},"rotation":{"x":0.033814072608947757,"y":0.8761944770812988,"z":-0.06214694306254387,"w":0.4767361283302307},"size":9.764182090759278,"orthographic":false}